{
  "configVersion": 1,
  "timestamp": 1716195730454,
  "index": "/index.html",
  "assetGroups": [
    {
      "name": "app",
      "installMode": "prefetch",
      "updateMode": "prefetch",
      "cacheQueryOptions": {
        "ignoreVary": true
      },
      "urls": [
        "/favicon.ico",
        "/index.html",
        "/main.6f8c3c48cbc745d8.js",
        "/manifest.webmanifest",
        "/polyfills.7bae356762c62e9c.js",
        "/runtime.0f1ab3ade4580c16.js",
        "/styles.ea85584c71e86b08.css"
      ],
      "patterns": []
    },
    {
      "name": "assets",
      "installMode": "lazy",
      "updateMode": "prefetch",
      "cacheQueryOptions": {
        "ignoreVary": true
      },
      "urls": [
        "/assets/DID-Numbers_sample.xlsx",
        "/assets/bell.png",
        "/assets/config.json",
        "/assets/icons/tsl_128.png",
        "/assets/icons/tsl_144.png",
        "/assets/icons/tsl_152.png",
        "/assets/icons/tsl_192.png",
        "/assets/icons/tsl_384.png",
        "/assets/icons/tsl_512.png",
        "/assets/icons/tsl_64.png",
        "/assets/icons/tsl_72.png",
        "/assets/icons/tsl_96.png",
        "/assets/icons/winze_128.png",
        "/assets/icons/winze_144.png",
        "/assets/icons/winze_152.png",
        "/assets/icons/winze_192.png",
        "/assets/icons/winze_384.png",
        "/assets/icons/winze_512.png",
        "/assets/icons/winze_64.png",
        "/assets/icons/winze_72.png",
        "/assets/icons/winze_96.png",
        "/assets/telesoft.jpg",
        "/assets/tsl_icon.png",
        "/assets/tsl_logo.png",
        "/assets/winze.jpg",
        "/assets/winze.png",
        "/assets/winze1_200.png",
        "/assets/winze_200.png",
        "/fa-brands-400.5d18d427c08f12c3.ttf",
        "/fa-brands-400.87587a681474fe69.woff2",
        "/fa-regular-400.3ccdbd3d093918cb.woff2",
        "/fa-regular-400.81482cd4d93fbfd4.ttf",
        "/fa-solid-900.0b0cc8a6df2a4fc7.woff2",
        "/fa-solid-900.69d3141ae4b2f721.ttf",
        "/fa-v4compatibility.0e21f5b1dff572c4.woff2",
        "/fa-v4compatibility.2c070fd29a39f685.ttf"
      ],
      "patterns": []
    }
  ],
  "dataGroups": [],
  "hashTable": {
    "/assets/DID-Numbers_sample.xlsx": "7e9d286ead15bbd24e4714e3727cacc0948bb2a4",
    "/assets/bell.png": "a41fb834dfc3bcf07f28fe0187f246dc14e40877",
    "/assets/config.json": "7b84791c32bee55e76820ea7cb11981ed6f09fb9",
    "/assets/icons/tsl_128.png": "3d2d5e2be552fc4f358692fdf3b91a5078ffaef9",
    "/assets/icons/tsl_144.png": "2d0a4afe0c1bc7184c872ad51ffa56fc357cba70",
    "/assets/icons/tsl_152.png": "23d3a4ea3dd55e734926321f661c2f45b0eefc90",
    "/assets/icons/tsl_192.png": "1abf4c7024639db6ba4f525830a939632b72fbdd",
    "/assets/icons/tsl_384.png": "98a52fb987b1973d41cc619f7387015dcf52fd88",
    "/assets/icons/tsl_512.png": "152972d8b508fa5ee7d1c815ea90caa5d5bd9410",
    "/assets/icons/tsl_64.png": "125b76d373b5932b055bcfa5d854f181563cffa4",
    "/assets/icons/tsl_72.png": "969d3efa6ef01ab9977796cd5179885e0605c511",
    "/assets/icons/tsl_96.png": "a5bd7954ec9dbf4577726f7a5811c1efc37cc15a",
    "/assets/icons/winze_128.png": "2d68e5adbcbb774260b128af7cb8f556cfb33db2",
    "/assets/icons/winze_144.png": "6c54e2319762456211d8fa7d4fb0046c8f5d4356",
    "/assets/icons/winze_152.png": "6114063d28627188873d9474e5d6c427b2744492",
    "/assets/icons/winze_192.png": "9fd8adf2efc13bbf8d8e51fadb3c30d40adfe0e8",
    "/assets/icons/winze_384.png": "983a786a3ebd0760c65a888a79afe372f67b250e",
    "/assets/icons/winze_512.png": "b0dc3110d510c4029e8efeb0d7189b472d7abdd7",
    "/assets/icons/winze_64.png": "6e7ec06eb096b9d86b324c95618e83c435ecbedc",
    "/assets/icons/winze_72.png": "0a98d982d5bf109bef39d8c6eaeec5a75f6204af",
    "/assets/icons/winze_96.png": "a88309a80820a05e17c23b58c42b9f2d0f49c944",
    "/assets/telesoft.jpg": "24c4170cf2a3c68ceb640ce2581bbbbf9bd71f7e",
    "/assets/tsl_icon.png": "9abbaa6b500ed0b4f58d0ab1e43f348803c78154",
    "/assets/tsl_logo.png": "f5c0745ff09ebf4e067e8e4a230cfb2023348727",
    "/assets/winze.jpg": "7c30198c62986af96632eacc30014beddb21e205",
    "/assets/winze.png": "37ada7968712027a1ee1f27ec551cc62553e1c86",
    "/assets/winze1_200.png": "831efbbda48630c0121991471329ba9d2e5e0ebc",
    "/assets/winze_200.png": "e333cfcc23ea0fc34ed57427e8e3b48d1165034c",
    "/fa-brands-400.5d18d427c08f12c3.ttf": "acbbe78b63ab309cd560dc712a5dd2d5301d14ff",
    "/fa-brands-400.87587a681474fe69.woff2": "c39dd7c713983702de91b08ae00b194b0bdb9008",
    "/fa-regular-400.3ccdbd3d093918cb.woff2": "8c9331bf363872cd84f2d1089b4d72fc21784cbd",
    "/fa-regular-400.81482cd4d93fbfd4.ttf": "1be2221004a9cf752ccdc0ef2c7fa2132caedee7",
    "/fa-solid-900.0b0cc8a6df2a4fc7.woff2": "73e7eabf7a8ae9be149a85d196c9f3f26622925b",
    "/fa-solid-900.69d3141ae4b2f721.ttf": "cfc895e58274a80da7fd5bc3d629c7c918d70e2e",
    "/fa-v4compatibility.0e21f5b1dff572c4.woff2": "827835b9a92ff50acba8ef5f700d5d33933de7ac",
    "/fa-v4compatibility.2c070fd29a39f685.ttf": "27a74685ce8ff178a2199f1dea5671516e7f67ff",
    "/favicon.ico": "22f6a4a3bcaafafb0254e0f2fa4ceb89e505e8b2",
    "/index.html": "22f2ffa84940a973163275c6b55959e68b8dba8a",
    "/main.6f8c3c48cbc745d8.js": "2477e2d96d1ef482eb32dd75605a78deafeab32b",
    "/manifest.webmanifest": "ffc7de4f97bc1712a265a137dad3086a4883beac",
    "/polyfills.7bae356762c62e9c.js": "ebdb395514bde817f1acdbc6bf78df5ba68dfda0",
    "/runtime.0f1ab3ade4580c16.js": "e9513e28b76c8e12aa3f9eda49693765984a52da",
    "/styles.ea85584c71e86b08.css": "40e750f1e0bd3e7cbc6815a9e9f24f9856d38c41"
  },
  "navigationUrls": [
    {
      "positive": true,
      "regex": "^\\/.*$"
    },
    {
      "positive": false,
      "regex": "^\\/(?:.+\\/)?[^/]*\\.[^/]*$"
    },
    {
      "positive": false,
      "regex": "^\\/(?:.+\\/)?[^/]*__[^/]*$"
    },
    {
      "positive": false,
      "regex": "^\\/(?:.+\\/)?[^/]*__[^/]*\\/.*$"
    }
  ],
  "navigationRequestStrategy": "performance"
}