<?xml version="1.0" encoding="UTF-8"?>
<!DOCTYPE properties SYSTEM "http://java.sun.com/dtd/properties.dtd">

<properties>
<!--...................FreeSwitch Configuration.............-->
<entry key="maxchannels">45</entry>
<entry key="fsinboundport">8021</entry>
<entry key="fspassword">ClueCon</entry>
<entry key="fsoutboundort">8022</entry>
<entry key="fsip">localhost</entry>
<entry key="GatewayName">101</entry>
<entry key="LocalGatewayName">101</entry> 
<entry key="MaxDIDLength">3</entry>
<entry key="fsuptimeout">1</entry>
<entry key="GatewayName">101</entry>
<entry key="ToneDetectParams">busy 400 r 0 hangup 'normal_clearing' 2</entry>
<entry key="SpansToUse">1</entry>
<entry key="announcer_extension">26(2),45(4)</entry>
<entry key="PRICLI">1234</entry>-->
<entry key="profileName">tsl</entry>
<entry key="DialParameter">origination_caller_id_name='%NAME',origination_caller_id_number=%NUM,ignore_early_media=true,hangup_after_bridge=true</entry>
<entry key="UseGateWay">true</entry>
<entry key="Profile">internal</entry>

<!--List of Pramametrs to Switch's Tone_Detect app to handle unexpected/expected tones on call. Parameters are separated by space. Order of parameters are 
[Anykeyname<SPACE>FrequenciesOfToneToDetectSeparatedByComa<SPACE>DirectionOfTone(r to listening or w for speaking)<SPACE>TimeoutToDetectTone(0 to no timeout) 
ApplicationToRunOnToneDetection(Eg: hangup)<SPACE>ParametersForApplicationToRun(Eg: HangupReason for hangup app)<SPACE>NoOfTonesToOccurBeforeStartingApp ]-->

<!--.................END.................................-->
<!--............Trunk Configuration......................-->
<entry key="LinkType">SIP</entry>
<entry key="GsmInterfaces">i1</entry>
<entry key="SIPTrunkSettings">tata:0|vada:+91</entry>
<entry key="TrunkIP">192.168.100.114|192.168.100.114|192.168.100.114</entry>

<!--..................END................................-->
<!--.............VariousDir Configuration................-->
<entry key="greetDir">TSLGreetings\Greeting</entry>
<entry key="promptDir">TSLGreetings\Prompt</entry>
<entry key="bgmDir">TSLGreetings\BGM</entry>
<entry key="AllRecordingsDir">AllRecordings</entry>

<!--.................END.................................-->
<!--................DID Configuration....................-->
<entry key="LocationBasedDID">bangalore:111:NH|mysore:888:NH|bagalkot:333:ESI|bangalore:444:ESI</entry>
<entry key="GroupBasedDID">CodeYellow:555:NH|CodeRed:222:NH|CodeBlue:999:NH|CodeGreen:121:NH</entry>

<!--...................END...............................-->
<!--................Kafka Configuration..................-->



<!--................Web Service..................-->
<entry key="ServiceURL">192.168.100.156:8086</entry>

<!--...................END...............................-->
</properties>
