<?xml version="1.0" encoding="UTF-8"?>
<!DOCTYPE properties SYSTEM "http://java.sun.com/dtd/properties.dtd">

<properties>
<!--...................FreeSwitch Configuration.............-->
<entry key="maxchannels">80</entry>
<entry key="fsinboundport">8021</entry>
<entry key="fspassword">ClueCon</entry>
<entry key="fsoutboundort">8022</entry>
<entry key="fsip">localhost</entry>
<entry key="GatewayName">101</entry>
<entry key="LocalGatewayName">101</entry> 
<entry key="MaxDIDLength">3</entry>
<entry key="fsuptimeout">3</entry>
<entry key="GatewayName">101</entry>
<!--<entry key="ToneDetectParams">busy 400 r 0 hangup 'normal_clearing' 2</entry>-->
<entry key="ToneDetectParams"></entry>
<entry key="SpansToUse">1</entry>
<entry key="announcer_extension">26(2),45(4)</entry>
<entry key="PRICLI">1234</entry>-->
<entry key="profileName">sla</entry>
<entry key="DialParameter">origination_caller_id_name='%NAME',origination_caller_id_number=%NUM,ignore_early_media=true,hangup_after_bridge=true</entry>
<entry key="UseGateWay">true</entry>
<entry key="Profile">internal</entry>



<!--List of Pramametrs to Switch's Tone_Detect app to handle unexpected/expected tones on call. Parameters are separated by space. Order of parameters are 
[Anykeyname<SPACE>FrequenciesOfToneToDetectSeparatedByComa<SPACE>DirectionOfTone(r to listening or w for speaking)<SPACE>TimeoutToDetectTone(0 to no timeout) 
ApplicationToRunOnToneDetection(Eg: hangup)<SPACE>ParametersForApplicationToRun(Eg: HangupReason for hangup app)<SPACE>NoOfTonesToOccurBeforeStartingApp ]-->

<!--.................END.................................-->
<!--.................Trunk Settings.....................-->
<entry key="LinkType">SIP</entry>
<entry key="GsmInterfaces">i1</entry>
<entry key="SIPTrunkSettings">vada:0</entry>
<entry key="TrunkIP">localhost</entry>

<entry key="NoOfCallsPerSecond">5</entry>

<!--..................END................................-->
<!--.............VariousDir Configuration................-->
<entry key="greetDir">TSLGreetings/Greeting</entry>
<entry key="promptDir">TSLGreetings/Prompt</entry>
<entry key="ENSVoiceFiles">TSLGreetings/ENSVoiceFiles</entry>
<entry key="bgmDir">TSLGreetings/BGM</entry>
<entry key="AllRecordingsDir">AllRecordings</entry>
<entry key="ConfRecordings">AllRecordings/ConferenceRecordings</entry>
<entry key="ManagerVoiceFilesDir">ServiceRecordings</entry>

<entry key="RestServiceJKSPath">webservice.jks</entry>

<!--.................END.................................-->

<!--................Kafka Configuration..................-->
<entry key="kafkaServerIp">192.168.150.150:9092</entry>

<entry key="KafkaApplicationID">CTIServer_01</entry>

<entry key="ConfBackLogEvents">ConfBackLogEvents</entry>
<entry key="MemberEventsTopic">MemberCallStateEvents</entry>
<entry key="ConfStatusEvents">ConfStatusEvents</entry>
<entry key="CallOfferedEventTopic">ConfTriggeredEvents</entry>
<entry key="VoiceFilesEventTopic">VoiceDetailEvents</entry>
<entry key="RemoteMSGConsumerTopic">RemoteMessages</entry>
<entry key="StatusPageResponseTopic">StatusEvents</entry>

<!--....CTIServerLogs...-->
<entry key="LoggerInstance">CTIServer</entry>
<entry key="CTIServerVoiceBroadcastLoggerInstance">VoiceBroadcast</entry>
<entry key="CTIServerConferenceLoggerInstance">Conference</entry>
<entry key="CTILineLoggerInstance">Line</entry>
<entry key="CTIkafkaLoggerInstance">KafkaLogs</entry>

<entry key="VBAutoPauseTime" >22:00:00</entry>
<entry key="VBAutoResumeTime">10:00:00</entry>

<!--....Auto Test Mode...-->
<entry key="automatedTestMode">false</entry>

<!--....enableIVRS...-->
<entry key="enableIVRS">true</entry>

<!--....PASEnable...-->
<entry key="PASEnable">true</entry>

<!--....SpeechREC...-->
<entry key="EnableSpeechRecognition">true</entry>

<!--....SpeechRECTimeout...-->
<entry key="speechRECTimeout">16</entry>

<!--....Emergency Record File TimeOut...-->
<entry key="emergencyRECTimeout">16</entry>


<!--....HeartBeat Interval...-->
<entry key="serverHeartBeatIntervalSeconds">30</entry>

<entry key="NumberOfConsumers">3</entry>


<!--................Web Service..........................-->
<entry key="ServiceURL">portal.voiceconnect.in:8086</entry>
<!--<entry key="ServiceURL">192.168.150.148:8086</entry>-->
<entry key="useHTTPS">true</entry>
<!--...................END...............................-->
</properties>

