<?xml version="1.0" encoding="UTF-8"?>
<!DOCTYPE properties SYSTEM "http://java.sun.com/dtd/properties.dtd">

<properties>

<!--............DataBase Configuration......................-->
<entry key="DbConnStr">localhost/updatedtslcvt_fs</entry>
<entry key="DbUser">root</entry>
<entry key="DbPassword">tsl@875</entry>

<!--.......................END..............................-->

<!--...............Kafka Configuration......................-->

<entry key="KafkaServerIP">192.168.150.150:9092</entry>
<entry key="KafkaApplicationID">CTIManager_01</entry>
<entry key="ConfBackLogEvents">ConfBackLogEvents</entry>
<entry key="MemberEventsTopic">MemberCallStateEvents</entry>
<entry key="CallOfferedEventTopic">ConfTriggeredEvents</entry>
<entry key="ConfStatusEvents">ConfStatusEvents</entry>
<entry key="VoiceFilesEventTopic">VoiceDetailEvents</entry>
<entry key="MemberConsumerGroup">5</entry>
<entry key="CallOfferedDetailsConsumerGroup">1</entry>
<entry key="VoiceFilesConsumerGroup">1</entry>
<entry key="ConfDetailsConsumerGroup">1</entry>

<!--<entry key="CTIVoiceFileSaveDir">CTI_Records</entry>-->
<entry key="CTIVoiceFileSaveDir">/opt/tomcat/webapps/Recording</entry>
<entry key="VoiceFilesDir">/usr/local/telesuite/ens/Recordings</entry>

<entry key="NumberOfConsumers">5</entry>

<entry key="CTIHelperServiceURL">192.168.150.139:7070</entry>


<!--......CTIManagerLogs.......-->
<entry key="LoggerInstance">Manager</entry>


<entry key="VBAutoPauseTime" >18:30:00</entry>
<entry key="VBAutoResumeTime">10:00:00</entry>

<!--.......................END..............................-->

</properties>