<?xml version="1.0" encoding="UTF-8"?>
<!DOCTYPE properties SYSTEM "http://java.sun.com/dtd/properties.dtd">

<properties>
<!--...................Kafka Configuration.............-->

<entry key="kafkaServerIp">192.168.150.150:9092</entry>
<entry key="CTIServerLoggerTopic">CTIServerLogs</entry>
<entry key="CTIServerManagerLoggerTopic">CTIManagerLogs</entry>
<entry key="CTIServerLoggerInstance">CTIServer</entry>
<entry key="CTIManagerServerLoggerInstance">Manager</entry>
<entry key="NumberOfConsumers">3</entry>

</properties>
