{"properties": [
  {
    "name": "Report.COMPANY_NAME",
    "type": "java.lang.String",
    "description": "A description for 'Report.COMPANY_NAME'"
  },
  {
    "name": "logging.rollingpolicy.clean-history-on-start",
    "type": "java.lang.String",
    "description": "A description for 'logging.rollingpolicy.clean-history-on-start'"
  },
  {
    "name": "config.TSL_Audio_Suite_WebService",
    "type": "java.lang.String",
    "description": "A description for 'config.TSL_Audio_Suite_WebService'"
  },
  {
    "name": "config.SSL",
    "type": "java.lang.String",
    "description": "A description for 'config.SSL'"
  },
  {
    "name": "logging.sql.enabled",
    "type": "java.lang.String",
    "description": "A description for 'logging.sql.enabled'"
  },
  {
    "name": "logging.rollingpolicy.file-name-pattern",
    "type": "java.lang.String",
    "description": "A description for 'logging.rollingpolicy.file-name-pattern'"
  },
  {
    "name": "logging.rollingpolicy.max-history",
    "type": "java.lang.String",
    "description": "A description for 'logging.rollingpolicy.max-history'"
  },
  {
    "name": "logging.rollingpolicy.max-file-size",
    "type": "java.lang.String",
    "description": "A description for 'logging.rollingpolicy.max-file-size'"
  },
  {
    "name": "logging.rollingpolicy.total-size-cap",
    "type": "java.lang.String",
    "description": "A description for 'logging.rollingpolicy.total-size-cap'"
  },
  {
    "name": "logging.appender.console",
    "type": "java.lang.String",
    "description": "A description for 'logging.appender.console'"
  },
  {
    "name": "logging.appender.CONSOLE",
    "type": "java.lang.String",
    "description": "A description for 'logging.appender.CONSOLE'"
  },
  {
    "name": "logging.appender.CONSOLE.encoder.pattern",
    "type": "java.lang.String",
    "description": "A description for 'logging.appender.CONSOLE.encoder.pattern'"
  },
  {
    "name": "Report.COMPANY_ADDRESS",
    "type": "java.lang.String",
    "description": "A description for 'Report.COMPANY_ADDRESS'"
  },
  {
    "name": "Report.COMPANY_LOGO_URL",
    "type": "java.lang.String",
    "description": "A description for 'Report.COMPANY_LOGO_URL'"
  },
  {
    "name": "Report.UPI_QR_CODE",
    "type": "java.lang.String",
    "description": "A description for 'Report.UPI_QR_CODE'"
  },
  {
    "name": "MYSQL_DUMP_PATH",
    "type": "java.lang.String",
    "description": "A description for 'MYSQL_DUMP_PATH'"
  },
  {
    "name": "Report.COMPANY_NAME",
    "type": "java.lang.String",
    "description": "A description for 'Report.COMPANY_NAME'"
  }
]}