{
  "groups": [
    {
      "name": "multitenancy.mtapp.master.datasource",
      "type": "com.telesoftlabs.mastertenant.config.MasterDatabaseConfigProperties",
      "sourceType": "com.telesoftlabs.mastertenant.config.MasterDatabaseConfigProperties"
    },
    {
      "name": "multitenancy.mtapp.tenant.datasource",
      "type": "com.telesoftlabs.tenant.config.TenantDatabaseConfigProperties",
      "sourceType": "com.telesoftlabs.tenant.config.TenantDatabaseConfigProperties"
    }
  ],
  "properties": [
    {
      "name": "MYSQL_DUMP_PATH",
      "type": "java.lang.String",
      "description": "A description for 'MYSQL_DUMP_PATH'"
    },
    {
      "name": "Report.COMPANY_ADDRESS",
      "type": "java.lang.String",
      "description": "A description for 'Report.COMPANY_ADDRESS'"
    },
    {
      "name": "Report.COMPANY_LOGO_URL",
      "type": "java.lang.String",
      "description": "A description for 'Report.COMPANY_LOGO_URL'"
    },
    {
      "name": "Report.COMPANY_NAME",
      "type": "java.lang.String",
      "description": "A description for 'Report.COMPANY_NAME'"
    },
    {
      "name": "Report.UPI_QR_CODE",
      "type": "java.lang.String",
      "description": "A description for 'Report.UPI_QR_CODE'"
    },
    {
      "name": "config.SSL",
      "type": "java.lang.String",
      "description": "A description for 'config.SSL'"
    },
    {
      "name": "config.TSL_Audio_Suite_WebService",
      "type": "java.lang.String",
      "description": "A description for 'config.TSL_Audio_Suite_WebService'"
    },
    {
      "name": "logging.appender.CONSOLE",
      "type": "java.lang.String",
      "description": "A description for 'logging.appender.CONSOLE'"
    },
    {
      "name": "logging.appender.CONSOLE.encoder.pattern",
      "type": "java.lang.String",
      "description": "A description for 'logging.appender.CONSOLE.encoder.pattern'"
    },
    {
      "name": "logging.appender.console",
      "type": "java.lang.String",
      "description": "A description for 'logging.appender.console'"
    },
    {
      "name": "logging.rollingpolicy.clean-history-on-start",
      "type": "java.lang.String",
      "description": "A description for 'logging.rollingpolicy.clean-history-on-start'"
    },
    {
      "name": "logging.rollingpolicy.file-name-pattern",
      "type": "java.lang.String",
      "description": "A description for 'logging.rollingpolicy.file-name-pattern'"
    },
    {
      "name": "logging.rollingpolicy.max-file-size",
      "type": "java.lang.String",
      "description": "A description for 'logging.rollingpolicy.max-file-size'"
    },
    {
      "name": "logging.rollingpolicy.max-history",
      "type": "java.lang.String",
      "description": "A description for 'logging.rollingpolicy.max-history'"
    },
    {
      "name": "logging.rollingpolicy.total-size-cap",
      "type": "java.lang.String",
      "description": "A description for 'logging.rollingpolicy.total-size-cap'"
    },
    {
      "name": "logging.sql.enabled",
      "type": "java.lang.String",
      "description": "A description for 'logging.sql.enabled'"
    },
    {
      "name": "multitenancy.mtapp.master.datasource.connection-timeout",
      "type": "java.lang.Long",
      "sourceType": "com.telesoftlabs.mastertenant.config.MasterDatabaseConfigProperties",
      "defaultValue": 0
    },
    {
      "name": "multitenancy.mtapp.master.datasource.driver-class-name",
      "type": "java.lang.String",
      "sourceType": "com.telesoftlabs.mastertenant.config.MasterDatabaseConfigProperties"
    },
    {
      "name": "multitenancy.mtapp.master.datasource.idle-timeout",
      "type": "java.lang.Long",
      "sourceType": "com.telesoftlabs.mastertenant.config.MasterDatabaseConfigProperties",
      "defaultValue": 0
    },
    {
      "name": "multitenancy.mtapp.master.datasource.max-pool-size",
      "type": "java.lang.Integer",
      "sourceType": "com.telesoftlabs.mastertenant.config.MasterDatabaseConfigProperties",
      "defaultValue": 0
    },
    {
      "name": "multitenancy.mtapp.master.datasource.min-idle",
      "type": "java.lang.Integer",
      "sourceType": "com.telesoftlabs.mastertenant.config.MasterDatabaseConfigProperties",
      "defaultValue": 0
    },
    {
      "name": "multitenancy.mtapp.master.datasource.password",
      "type": "java.lang.String",
      "sourceType": "com.telesoftlabs.mastertenant.config.MasterDatabaseConfigProperties"
    },
    {
      "name": "multitenancy.mtapp.master.datasource.pool-name",
      "type": "java.lang.String",
      "sourceType": "com.telesoftlabs.mastertenant.config.MasterDatabaseConfigProperties"
    },
    {
      "name": "multitenancy.mtapp.master.datasource.url",
      "type": "java.lang.String",
      "sourceType": "com.telesoftlabs.mastertenant.config.MasterDatabaseConfigProperties"
    },
    {
      "name": "multitenancy.mtapp.master.datasource.username",
      "type": "java.lang.String",
      "sourceType": "com.telesoftlabs.mastertenant.config.MasterDatabaseConfigProperties"
    },
    {
      "name": "multitenancy.mtapp.tenant.datasource.connection-timeout",
      "type": "java.lang.Long",
      "sourceType": "com.telesoftlabs.tenant.config.TenantDatabaseConfigProperties",
      "defaultValue": 0
    },
    {
      "name": "multitenancy.mtapp.tenant.datasource.driver-class-name",
      "type": "java.lang.String",
      "sourceType": "com.telesoftlabs.tenant.config.TenantDatabaseConfigProperties"
    },
    {
      "name": "multitenancy.mtapp.tenant.datasource.idle-timeout",
      "type": "java.lang.Long",
      "sourceType": "com.telesoftlabs.tenant.config.TenantDatabaseConfigProperties",
      "defaultValue": 0
    },
    {
      "name": "multitenancy.mtapp.tenant.datasource.max-pool-size",
      "type": "java.lang.Integer",
      "sourceType": "com.telesoftlabs.tenant.config.TenantDatabaseConfigProperties",
      "defaultValue": 0
    },
    {
      "name": "multitenancy.mtapp.tenant.datasource.min-idle",
      "type": "java.lang.Integer",
      "sourceType": "com.telesoftlabs.tenant.config.TenantDatabaseConfigProperties",
      "defaultValue": 0
    },
    {
      "name": "multitenancy.mtapp.tenant.datasource.password",
      "type": "java.lang.String",
      "sourceType": "com.telesoftlabs.tenant.config.TenantDatabaseConfigProperties"
    },
    {
      "name": "multitenancy.mtapp.tenant.datasource.pool-name",
      "type": "java.lang.String",
      "sourceType": "com.telesoftlabs.tenant.config.TenantDatabaseConfigProperties"
    },
    {
      "name": "multitenancy.mtapp.tenant.datasource.url",
      "type": "java.lang.String",
      "sourceType": "com.telesoftlabs.tenant.config.TenantDatabaseConfigProperties"
    },
    {
      "name": "multitenancy.mtapp.tenant.datasource.username",
      "type": "java.lang.String",
      "sourceType": "com.telesoftlabs.tenant.config.TenantDatabaseConfigProperties"
    }
  ],
  "hints": []
}